{"cameraMode":{"drawMode":0,"name":"Shaded","section":"Shading Mode"},"sceneLighting":true,"audioPlay":false,"sceneViewState":{"showFog":true,"showMaterialUpdate":false,"showSkybox":true,"showFlares":true,"showImageEffects":true,"showParticleSystems":true},"in2DMode":false,"pivot":{"x":9.575157165527344,"y":-4.544092178344727,"z":18.3687744140625},"rotation":{"x":-0.3238847255706787,"y":-0.18096885085105897,"z":0.06326493620872498,"w":-0.9264696836471558},"size":10.641075134277344,"orthographic":false}