{"cameraMode":{"drawMode":0,"name":"Shaded","section":"Shading Mode"},"sceneLighting":false,"audioPlay":false,"sceneViewState":{"showFog":true,"showMaterialUpdate":false,"showSkybox":false,"showFlares":true,"showImageEffects":true,"showParticleSystems":true},"in2DMode":false,"pivot":{"x":0.0023009777069091799,"y":1.1612285375595093,"z":-0.16338729858398438},"rotation":{"x":-0.003396938554942608,"y":-0.9938809871673584,"z":0.10656165331602097,"w":-0.03094322606921196},"size":1.8058360815048218,"orthographic":false}