{"cameraMode":{"drawMode":0,"name":"Shaded","section":"Shading Mode"},"sceneLighting":false,"audioPlay":false,"sceneViewState":{"showFog":true,"showMaterialUpdate":false,"showSkybox":false,"showFlares":true,"showImageEffects":true,"showParticleSystems":true},"in2DMode":false,"pivot":{"x":0.0,"y":1.0244550704956055,"z":0.05321013927459717},"rotation":{"x":-0.003396938554942608,"y":-0.9938809871673584,"z":0.10656165331602097,"w":-0.03094322606921196},"size":1.6069602966308594,"orthographic":false}