{"cameraMode":{"drawMode":0,"name":"Shaded","section":"Shading Mode"},"sceneLighting":false,"audioPlay":false,"sceneViewState":{"showFog":true,"showMaterialUpdate":false,"showSkybox":false,"showFlares":true,"showImageEffects":true,"showParticleSystems":true},"in2DMode":false,"pivot":{"x":0.0,"y":1.0704030990600587,"z":0.008525609970092774},"rotation":{"x":-0.30779242515563967,"y":-0.5924000144004822,"z":0.26158300042152407,"w":-0.6970745325088501},"size":1.6764755249023438,"orthographic":false}