{"cameraMode":{"drawMode":0,"name":"Shaded","section":"Shading Mode"},"sceneLighting":true,"audioPlay":false,"sceneViewState":{"showFog":true,"showMaterialUpdate":false,"showSkybox":true,"showFlares":true,"showImageEffects":true,"showParticleSystems":true},"in2DMode":false,"pivot":{"x":-6.389147758483887,"y":-7.056483745574951,"z":-21.08899688720703},"rotation":{"x":-0.08772985637187958,"y":0.9113653898239136,"z":-0.30486148595809939,"w":-0.26226353645324709},"size":10.030548095703125,"orthographic":false}